set,id,topic
public,0,Series & Convergence
public,1,Integral Calculus
public,2,Arithmetic
public,3,Arithmetic
public,4,Complex Analysis
public,5,Arithmetic
public,6,Applied Mathematics
public,7,Algebra
public,8,Arithmetic
public,9,Applied Mathematics
public,10,Arithmetic
public,11,Geometry
public,12,Applied Mathematics
public,13,Integral Calculus
public,14,Trigonometry
public,15,Statistics — Descriptive
public,16,Trigonometry
public,17,Trigonometry
public,18,Statistics — Descriptive
public,19,Sequences & Recurrences
public,20,Series & Convergence
public,21,Real Analysis
public,22,Algebra
public,23,Statistics — Descriptive
public,24,Integral Calculus
public,25,Statistics — Inference
public,26,Arithmetic
public,27,Differential Equations
public,28,Arithmetic
public,29,Arithmetic
public,30,Statistics — Inference
public,31,Trigonometry
public,32,Algebra
public,33,Probability
public,34,Geometry
public,35,Algebra
public,36,Trigonometry
public,37,Algebra
public,38,Algebra
public,39,Arithmetic
public,40,Algebra
public,41,Arithmetic
public,42,Sequences & Recurrences
public,43,Algebra
public,44,Trigonometry
public,45,Statistics — Descriptive
public,46,Arithmetic
public,47,Algebra
public,48,Integral Calculus
public,49,Arithmetic
public,50,Trigonometry
public,51,Integral Calculus
public,52,Algebra
public,53,Algebra
public,54,Algebra
public,55,Arithmetic
public,56,Statistics — Inference
public,57,Statistics — Descriptive
public,58,Statistics — Inference
public,59,Geometry
public,60,Arithmetic
public,61,Probability
public,62,Probability
public,63,Trigonometry
public,64,Trigonometry
public,65,Algebra
public,66,Algebra
public,67,Algebra
public,68,Arithmetic
public,69,Trigonometry
public,70,Trigonometry
public,71,Algebra
public,72,Arithmetic
public,73,Discrete Mathematics
public,74,Trigonometry
public,75,Discrete Mathematics
public,76,Algebra
public,77,Arithmetic
public,78,Trigonometry
public,79,Algebra
public,80,Algebra
public,81,Linear Algebra
public,82,Linear Algebra
public,83,Linear Algebra
public,84,Algebra
public,85,Linear Algebra
public,86,Arithmetic
public,87,Discrete Mathematics
public,88,Number Theory
public,89,Trigonometry
public,90,Trigonometry
public,91,Discrete Mathematics
public,92,Differential Equations
public,93,Trigonometry
public,94,Geometry
public,95,Series & Convergence
public,96,Integral Calculus
public,97,Statistics — Inference
public,98,Algebra
public,99,Number Theory
public,100,Statistics — Inference
public,101,Discrete Mathematics
public,102,Arithmetic
public,103,Sequences & Recurrences
public,104,Algebra
public,105,Algebra
public,106,Trigonometry
public,107,Trigonometry
public,108,Algebra
public,109,Applied Mathematics
public,110,Linear Algebra
public,111,Integral Calculus
public,112,Differential Calculus
public,113,Geometry
public,114,Arithmetic
public,115,Statistics — Inference
public,116,Algebra
public,117,Algebra
public,118,Integral Calculus
public,119,Statistics — Inference
public,120,Integral Calculus
public,121,Arithmetic
public,122,Complex Analysis
public,123,Discrete Mathematics
public,124,Algebra
public,125,Probability
public,126,Statistics — Descriptive
public,127,Statistics — Inference
public,128,Algebra
public,129,Trigonometry
public,130,Integral Calculus
public,131,Arithmetic
public,132,Geometry
public,133,Algebra
public,134,Sequences & Recurrences
public,135,Arithmetic
public,136,Statistics — Descriptive
public,137,Integral Calculus
public,138,Linear Algebra
public,139,Algebra
public,140,Integral Calculus
public,141,Integral Calculus
public,142,Probability
public,143,Geometry
public,144,Arithmetic
public,145,Integral Calculus
public,146,Integral Calculus
public,147,Algebra
public,148,Algebra
public,149,Trigonometry
public,150,Arithmetic
public,151,Trigonometry
public,152,Arithmetic
public,153,Geometry
public,154,Algebra
public,155,Arithmetic
public,156,Statistics — Descriptive
public,157,Algebra
public,158,Statistics — Descriptive
public,159,Statistics — Inference
public,160,Statistics — Descriptive
public,161,Probability
public,162,Algebra
public,163,Algebra
public,164,Statistics — Descriptive
public,165,Trigonometry
public,166,Arithmetic
public,167,Arithmetic
public,168,Integral Calculus
public,169,Arithmetic
public,170,Number Theory
public,171,Statistics — Descriptive
public,172,Discrete Mathematics
public,173,Arithmetic
public,174,Trigonometry
public,175,Integral Calculus
public,176,Algebra
public,177,Statistics — Inference
public,178,Algebra
public,179,Arithmetic
public,180,Integral Calculus
public,181,Algebra
public,182,Discrete Mathematics
public,183,Algebra
public,184,Algebra
public,185,Algebra
public,186,Number Theory
public,187,Statistics — Inference
public,188,Arithmetic
public,189,Arithmetic
public,190,Algebra
public,191,Trigonometry
public,192,Arithmetic
public,193,Statistics — Inference
public,194,Trigonometry
public,195,Arithmetic
public,196,Algebra
public,197,Algebra
public,198,Algebra
public,199,Statistics — Descriptive
public,200,Statistics — Descriptive
public,201,Statistics — Inference
public,202,Algebra
public,203,Algebra
public,204,Algebra
public,205,Statistics — Inference
public,206,Arithmetic
public,207,Algebra
public,208,Trigonometry
public,209,Statistics — Inference
public,210,Complex Analysis
public,211,Algebra
public,212,Algebra
public,213,Statistics — Inference
public,214,Statistics — Descriptive
public,215,Probability
public,216,Algebra
public,217,Geometry
public,218,Algebra
public,219,Statistics — Inference
public,220,Algebra
public,221,Statistics — Descriptive
public,222,Algebra
public,223,Probability
public,224,Trigonometry
public,225,Arithmetic
public,226,Number Theory
public,227,Algebra
public,228,Number Theory
public,229,Statistics — Descriptive
public,230,Statistics — Inference
public,231,Arithmetic
public,232,Discrete Mathematics
public,233,Probability
public,234,Sequences & Recurrences
public,235,Discrete Mathematics
public,236,Statistics — Inference
public,237,Trigonometry
public,238,Arithmetic
public,239,Probability
public,240,Statistics — Inference
public,241,Statistics — Inference
public,242,Differential Calculus
public,243,Arithmetic
public,244,Integral Calculus
public,245,Arithmetic
public,246,Discrete Mathematics
public,247,Linear Algebra
public,248,Statistics — Descriptive
public,249,Arithmetic
public,250,Statistics — Inference
public,251,Trigonometry
public,252,Algebra
public,253,Integral Calculus
public,254,Integral Calculus
public,255,Arithmetic
public,256,Statistics — Descriptive
public,257,Integral Calculus
public,258,Geometry
public,259,Trigonometry
public,260,Algebra
public,261,Algebra
public,262,Probability
public,263,Statistics — Inference
public,264,Algebra
public,265,Algebra
public,266,Integral Calculus
public,267,Discrete Mathematics
public,268,Algebra
public,269,Algebra
public,270,Probability
public,271,Geometry
public,272,Arithmetic
public,273,Algebra
public,274,Algebra
public,275,Arithmetic
public,276,Integral Calculus
public,277,Statistics — Inference
public,278,Statistics — Descriptive
public,279,Number Theory
public,280,Trigonometry
public,281,Trigonometry
public,282,Discrete Mathematics
public,283,Algebra
public,284,Integral Calculus
public,285,Algebra
public,286,Integral Calculus
public,287,Discrete Mathematics
public,288,Complex Analysis
public,289,Statistics — Descriptive
public,290,Algebra
public,291,Series & Convergence
public,292,Applied Mathematics
public,293,Trigonometry
public,294,Arithmetic
public,295,Linear Algebra
public,296,Differential Equations
public,297,Geometry
public,298,Algebra
public,299,Algebra
public,300,Statistics — Inference
public,301,Algebra
public,302,Algebra
public,303,Probability
public,304,Statistics — Inference
public,305,Trigonometry
public,306,Discrete Mathematics
public,307,Algebra
public,308,Algebra
public,309,Algebra
public,310,Trigonometry
public,311,Algebra
public,312,Statistics — Inference
public,313,Trigonometry
public,314,Algebra
public,315,Statistics — Descriptive
public,316,Discrete Mathematics
public,317,Trigonometry
public,318,Algebra
public,319,Arithmetic
public,320,Geometry
public,321,Trigonometry
public,322,Algebra
public,323,Series & Convergence
public,324,Geometry
public,325,Statistics — Descriptive
public,326,Discrete Mathematics
public,327,Algebra
public,328,Algebra
public,329,Algebra
public,330,Geometry
public,331,Algebra
public,332,Arithmetic
public,333,Algebra
public,334,Probability
public,335,Number Theory
public,336,Trigonometry
public,337,Statistics — Descriptive
public,338,Differential Equations
public,339,Trigonometry
public,340,Algebra
public,341,Trigonometry
public,342,Differential Equations
public,343,Algebra
public,344,Applied Mathematics
public,345,Trigonometry
public,346,Statistics — Inference
public,347,Algebra
public,348,Differential Equations
public,349,Series & Convergence
public,350,Algebra
public,351,Statistics — Inference
public,352,Algebra
public,353,Algebra
public,354,Trigonometry
public,355,Probability
public,356,Trigonometry
public,357,Linear Algebra
public,358,Differential Calculus
public,359,Statistics — Descriptive
public,360,Algebra
public,361,Arithmetic
public,362,Probability
public,363,Arithmetic
public,364,Trigonometry
public,365,Statistics — Descriptive
public,366,Arithmetic
public,367,Algebra
public,368,Statistics — Descriptive
public,369,Applied Mathematics
public,370,Trigonometry
public,371,Probability
public,372,Integral Calculus
public,373,Statistics — Descriptive
public,374,Statistics — Descriptive
public,375,Geometry
public,376,Algebra
public,377,Geometry
public,378,Algebra
public,379,Geometry
public,380,Statistics — Descriptive
public,381,Series & Convergence
public,382,Algebra
public,383,Algebra
public,384,Algebra
public,385,Sequences & Recurrences
public,386,Algebra
public,387,Trigonometry
public,388,Arithmetic
public,389,Algebra
public,390,Arithmetic
public,391,Algebra
public,392,Statistics — Descriptive
public,393,Discrete Mathematics
public,394,Probability
public,395,Algebra
public,396,Algebra
public,397,Integral Calculus
public,398,Arithmetic
public,399,Algebra
public,400,Probability
public,401,Statistics — Descriptive
public,402,Arithmetic
public,403,Differential Equations
public,404,Arithmetic
public,405,Algebra
public,406,Algebra
public,407,Trigonometry
public,408,Algebra
public,409,Trigonometry
public,410,Algebra
public,411,Integral Calculus
public,412,Integral Calculus
public,413,Algebra
public,414,Trigonometry
public,415,Algebra
public,416,Statistics — Descriptive
public,417,Arithmetic
public,418,Arithmetic
public,419,Algebra
public,420,Discrete Mathematics
public,421,Algebra
public,422,Applied Mathematics
public,423,Number Theory
public,424,Arithmetic
public,425,Statistics — Descriptive
public,426,Algebra
public,427,Arithmetic
public,428,Integral Calculus
public,429,Algebra
public,430,Trigonometry
public,431,Algebra
public,432,Algebra
public,433,Differential Calculus
public,434,Statistics — Inference
public,435,Trigonometry
public,436,Algebra
public,437,Algebra
public,438,Algebra
public,439,Trigonometry
public,440,Trigonometry
public,441,Algebra
public,442,Probability
public,443,Arithmetic
public,444,Statistics — Descriptive
public,445,Geometry
public,446,Algebra
public,447,Integral Calculus
public,448,Algebra
public,449,Sequences & Recurrences
public,450,Algebra
public,451,Sequences & Recurrences
public,452,Algebra
public,453,Algebra
public,454,Integral Calculus
public,455,Algebra
public,456,Algebra
public,457,Algebra
public,458,Number Theory
public,459,Algebra
public,460,Differential Calculus
public,461,Number Theory
public,462,Algebra
public,463,Statistics — Inference
public,464,Algebra
public,465,Discrete Mathematics
public,466,Arithmetic
public,467,Algebra
public,468,Algebra
public,469,Algebra
public,470,Algebra
public,471,Integral Calculus
public,472,Algebra
public,473,Algebra
public,474,Trigonometry
public,475,Statistics — Descriptive
public,476,Statistics — Descriptive
public,477,Algebra
public,478,Trigonometry
public,479,Arithmetic
public,480,Sequences & Recurrences
public,481,Applied Mathematics
public,482,Applied Mathematics
public,483,Geometry
public,484,Algebra
public,485,Integral Calculus
public,486,Trigonometry
public,487,Arithmetic
public,488,Integral Calculus
public,489,Arithmetic
public,490,Arithmetic
public,491,Arithmetic
public,492,Arithmetic
public,493,Algebra
public,494,Differential Calculus
public,495,Geometry
public,496,Geometry
public,497,Arithmetic
public,498,Differential Calculus
public,499,Discrete Mathematics
public,500,Arithmetic
public,501,Algebra
public,502,Algebra
public,503,Discrete Mathematics
public,504,Arithmetic
public,505,Statistics — Inference
public,506,Trigonometry
public,507,Discrete Mathematics
public,508,Statistics — Inference
public,509,Algebra
public,510,Algebra
public,511,Algebra
public,512,Algebra
public,513,Series & Convergence
public,514,Series & Convergence
public,515,Algebra
public,516,Statistics — Inference
public,517,Arithmetic
public,518,Arithmetic
public,519,Integral Calculus
public,520,Statistics — Descriptive
public,521,Probability
public,522,Linear Algebra
public,523,Trigonometry
public,524,Statistics — Descriptive
public,525,Arithmetic
public,526,Arithmetic
public,527,Algebra
public,528,Combinatorics
public,529,Algebra
public,530,Differential Equations
public,531,Integral Calculus
public,532,Series & Convergence
public,533,Arithmetic
public,534,Series & Convergence
public,535,Algebra
public,536,Arithmetic
public,537,Arithmetic
public,538,Arithmetic
public,539,Geometry
public,540,Trigonometry
public,541,Discrete Mathematics
public,542,Geometry
public,543,Algebra
public,544,Trigonometry
public,545,Differential Calculus
public,546,Algebra
public,547,Statistics — Inference
public,548,Algebra
public,549,Differential Calculus
public,550,Algebra
public,551,Trigonometry
public,552,Discrete Mathematics
public,553,Linear Algebra
public,554,Discrete Mathematics
public,555,Differential Calculus
public,556,Geometry
public,557,Algebra
public,558,Algebra
public,559,Probability
public,560,Discrete Mathematics
public,561,Statistics — Inference
public,562,Arithmetic
public,563,Differential Calculus
public,564,Geometry
public,565,Algebra
public,566,Arithmetic
public,567,Integral Calculus
public,568,Algebra
public,569,Algebra
public,570,Arithmetic
public,571,Probability
public,572,Algebra
public,573,Linear Algebra
public,574,Series & Convergence
public,575,Arithmetic
public,576,Algebra
public,577,Statistics — Descriptive
public,578,Algebra
public,579,Statistics — Inference
public,580,Trigonometry
public,581,Arithmetic
public,582,Algebra
public,583,Arithmetic
public,584,Arithmetic
public,585,Algebra
public,586,Integral Calculus
public,587,Arithmetic
public,588,Statistics — Descriptive
public,589,Algebra
public,590,Algebra
public,591,Geometry
public,592,Algebra
public,593,Algebra
public,594,Statistics — Descriptive
public,595,Arithmetic
public,596,Algebra
public,597,Algebra
public,598,Algebra
public,599,Arithmetic
public,600,Discrete Mathematics
public,601,Arithmetic
public,602,Discrete Mathematics
public,603,Algebra
public,604,Algebra
public,605,Algebra
public,606,Arithmetic
public,607,Algebra
public,608,Algebra
public,609,Integral Calculus
public,610,Algebra
public,611,Algebra
public,612,Discrete Mathematics
public,613,Algebra
public,614,Algebra
public,615,Algebra
public,616,Algebra
public,617,Linear Algebra
public,618,Arithmetic
public,619,Algebra
public,620,Integral Calculus
public,621,Sequences & Recurrences
public,622,Trigonometry
public,623,Algebra
public,624,Arithmetic
public,625,Series & Convergence
public,626,Arithmetic
public,627,Probability
public,628,Algebra
public,629,Algebra
public,630,Algebra
public,631,Algebra
public,632,Statistics — Descriptive
public,633,Algebra
public,634,Algebra
public,635,Arithmetic
public,636,Discrete Mathematics
public,637,Algebra
public,638,Trigonometry
public,639,Algebra
public,640,Arithmetic
public,641,Sequences & Recurrences
public,642,Geometry
public,643,Algebra
public,644,Integral Calculus
public,645,Probability
public,646,Trigonometry
public,647,Algebra
public,648,Arithmetic
public,649,Arithmetic
public,650,Statistics — Inference
public,651,Arithmetic
public,652,Combinatorics
public,653,Geometry
public,654,Algebra
public,655,Algebra
public,656,Statistics — Inference
public,657,Geometry
public,658,Arithmetic
public,659,Algebra
public,660,Probability
public,661,Algebra
public,662,Probability
public,663,Arithmetic
public,664,Arithmetic
public,665,Algebra
public,666,Statistics — Inference
public,667,Linear Algebra
public,668,Algebra
public,669,Probability
public,670,Algebra
public,671,Trigonometry
public,672,Series & Convergence
public,673,Statistics — Descriptive
public,674,Arithmetic
public,675,Geometry
public,676,Probability
public,677,Combinatorics
public,678,Arithmetic
public,679,Statistics — Inference
public,680,Algebra
public,681,Algebra
public,682,Statistics — Descriptive
public,683,Algebra
public,684,Statistics — Descriptive
public,685,Algebra
public,686,Combinatorics
public,687,Integral Calculus
public,688,Algebra
public,689,Integral Calculus
public,690,Trigonometry
public,691,Statistics — Inference
public,692,Algebra
public,693,Algebra
public,694,Statistics — Descriptive
public,695,Algebra
public,696,Algebra
public,697,Discrete Mathematics
public,698,Arithmetic
public,699,Trigonometry
public,700,Algebra
public,701,Algebra
public,702,Integral Calculus
public,703,Algebra
public,704,Trigonometry
public,705,Integral Calculus
public,706,Probability
public,707,Algebra
public,708,Algebra
public,709,Algebra
public,710,Statistics — Inference
public,711,Statistics — Descriptive
public,712,Arithmetic
public,713,Probability
public,714,Trigonometry
public,715,Arithmetic
public,716,Trigonometry
public,717,Trigonometry
public,718,Geometry
public,719,Statistics — Inference
public,720,Algebra
public,721,Trigonometry
public,722,Statistics — Inference
public,723,Arithmetic
public,724,Algebra
public,725,Number Theory
public,726,Geometry
public,727,Statistics — Inference
public,728,Differential Calculus
public,729,Algebra
public,730,Applied Mathematics
public,731,Statistics — Inference
public,732,Algebra
public,733,Algebra
public,734,Number Theory
public,735,Probability
public,736,Algebra
public,737,Algebra
public,738,Statistics — Descriptive
public,739,Algebra
public,740,Algebra
public,741,Combinatorics
public,742,Algebra
public,743,Statistics — Descriptive
public,744,Integral Calculus
public,745,Algebra
public,746,Statistics — Inference
public,747,Algebra
public,748,Algebra
public,749,Statistics — Descriptive
public,750,Algebra
public,751,Arithmetic
public,752,Combinatorics
public,753,Linear Algebra
public,754,Applied Mathematics
public,755,Algebra
public,756,Statistics — Inference
public,757,Arithmetic
public,758,Statistics — Inference
public,759,Arithmetic
public,760,Algebra
public,761,Algebra
public,762,Linear Algebra
public,763,Arithmetic
public,764,Algebra
public,765,Algebra
public,766,Algebra
public,767,Trigonometry
public,768,Geometry
public,769,Arithmetic
public,770,Trigonometry
public,771,Sequences & Recurrences
public,772,Discrete Mathematics
public,773,Statistics — Descriptive
public,774,Algebra
public,775,Statistics — Inference
public,776,Statistics — Descriptive
public,777,Integral Calculus
public,778,Statistics — Descriptive
public,779,Algebra
public,780,Statistics — Inference
public,781,Algebra
public,782,Algebra
public,783,Statistics — Inference
public,784,Arithmetic
public,785,Algebra
public,786,Algebra
public,787,Algebra
public,788,Trigonometry
public,789,Algebra
public,790,Integral Calculus
public,791,Sequences & Recurrences
public,792,Linear Algebra
public,793,Geometry
public,794,Trigonometry
public,795,Arithmetic
public,796,Algebra
public,797,Geometry
public,798,Algebra
public,799,Number Theory
public,800,Combinatorics
public,801,Integral Calculus
public,802,Algebra
public,803,Algebra
public,804,Integral Calculus
public,805,Trigonometry
public,806,Arithmetic
public,807,Linear Algebra
public,808,Trigonometry
public,809,Arithmetic
public,810,Trigonometry
public,811,Arithmetic
public,812,Algebra
public,813,Series & Convergence
public,814,Differential Calculus
public,815,Statistics — Inference
public,816,Integral Calculus
public,817,Discrete Mathematics
public,818,Integral Calculus
public,819,Integral Calculus
public,820,Algebra
public,821,Arithmetic
public,822,Algebra
public,823,Statistics — Inference
public,824,Statistics — Inference
public,825,Statistics — Inference
public,826,Trigonometry
public,827,Statistics — Inference
public,828,Algebra
public,829,Algebra
public,830,Integral Calculus
public,831,Probability
public,832,Algebra
public,833,Geometry
public,834,Linear Algebra
public,835,Arithmetic
public,836,Trigonometry
public,837,Algebra
public,838,Real Analysis
public,839,Number Theory
public,840,Probability
public,841,Algebra
public,842,Algebra
public,843,Algebra
public,844,Algebra
public,845,Integral Calculus
public,846,Trigonometry
public,847,Algebra
public,848,Algebra
public,849,Number Theory
public,850,Algebra
public,851,Algebra
public,852,Trigonometry
public,853,Integral Calculus
public,854,Integral Calculus
public,855,Algebra
public,856,Algebra
public,857,Trigonometry
public,858,Series & Convergence
public,859,Probability
public,860,Statistics — Inference
public,861,Arithmetic
public,862,Arithmetic
public,863,Algebra
public,864,Algebra
public,865,Algebra
public,866,Algebra
public,867,Integral Calculus
public,868,Algebra
public,869,Algebra
public,870,Trigonometry
public,871,Statistics — Inference
public,872,Statistics — Descriptive
public,873,Algebra
public,874,Integral Calculus
public,875,Differential Equations
public,876,Differential Calculus
public,877,Algebra
public,878,Geometry
public,879,Geometry
public,880,Arithmetic
public,881,Algebra
public,882,Arithmetic
public,883,Algebra
public,884,Applied Mathematics
public,885,Integral Calculus
public,886,Integral Calculus
public,887,Algebra
public,888,Trigonometry
public,889,Linear Algebra
public,890,Algebra
public,891,Discrete Mathematics
public,892,Statistics — Descriptive
public,893,Statistics — Inference
public,894,Algebra
public,895,Probability
public,896,Geometry
public,897,Algebra
public,898,Algebra
public,899,Arithmetic
public,900,Statistics — Descriptive
public,901,Trigonometry
public,902,Arithmetic
public,903,Statistics — Descriptive
public,904,Algebra
public,905,Statistics — Descriptive
public,906,Arithmetic
public,907,Algebra
public,908,Statistics — Descriptive
public,909,Arithmetic
public,910,Algebra
public,911,Algebra
public,912,Integral Calculus
public,913,Algebra
public,914,Statistics — Descriptive
public,915,Algebra
public,916,Arithmetic
public,917,Geometry
public,918,Algebra
public,919,Abstract Algebra
public,920,Statistics — Inference
public,921,Statistics — Descriptive
public,922,Algebra
public,923,Algebra
public,924,Arithmetic
public,925,Statistics — Descriptive
public,926,Statistics — Inference
public,927,Algebra
public,928,Trigonometry
public,929,Linear Algebra
public,930,Arithmetic
public,931,Algebra
public,932,Statistics — Descriptive
public,933,Algebra
public,934,Arithmetic
public,935,Algebra
public,936,Integral Calculus
public,937,Statistics — Inference
public,938,Algebra
public,939,Arithmetic
public,940,Statistics — Descriptive
public,941,Algebra
public,942,Probability
public,943,Algebra
public,944,Number Theory
public,945,Algebra
public,946,Algebra
public,947,Arithmetic
public,948,Probability
public,949,Statistics — Inference
public,950,Algebra
public,951,Algebra
public,952,Geometry
public,953,Linear Algebra
public,954,Arithmetic
public,955,Algebra
public,956,Algebra
public,957,Algebra
public,958,Trigonometry
public,959,Discrete Mathematics
public,960,Algebra
public,961,Algebra
public,962,Applied Mathematics
public,963,Statistics — Descriptive
public,964,Series & Convergence
public,965,Algebra
public,966,Statistics — Descriptive
public,967,Discrete Mathematics
public,968,Geometry
public,969,Applied Mathematics
public,970,Algebra
public,971,Probability
public,972,Series & Convergence
public,973,Algebra
public,974,Geometry
public,975,Algebra
public,976,Statistics — Descriptive
public,977,Trigonometry
public,978,Statistics — Inference
public,979,Number Theory
public,980,Algebra
public,981,Probability
public,982,Algebra
public,983,Algebra
public,984,Series & Convergence
public,985,Algebra
public,986,Algebra
public,987,Statistics — Inference
public,988,Arithmetic
public,989,Algebra
public,990,Algebra
public,991,Algebra
public,992,Arithmetic
public,993,Integral Calculus
public,994,Combinatorics
public,995,Number Theory
public,996,Geometry
public,997,Geometry
public,998,Trigonometry
public,999,Algebra
public,1000,Trigonometry
public,1001,Geometry
public,1002,Algebra
public,1003,Algebra
public,1004,Statistics — Descriptive
public,1005,Trigonometry
public,1006,Integral Calculus
public,1007,Geometry
public,1008,Differential Calculus
public,1009,Statistics — Descriptive
public,1010,Algebra
public,1011,Trigonometry
public,1012,Algebra
public,1013,Statistics — Inference
public,1014,Trigonometry
public,1015,Sequences & Recurrences
public,1016,Arithmetic
public,1017,Arithmetic
public,1018,Statistics — Inference
public,1019,Integral Calculus
public,1020,Integral Calculus
public,1021,Algebra
public,1022,Algebra
public,1023,Geometry
public,1024,Integral Calculus
public,1025,Geometry
public,1026,Series & Convergence
public,1027,Applied Mathematics
public,1028,Statistics — Inference
public,1029,Statistics — Descriptive
public,1030,Statistics — Inference
public,1031,Algebra
public,1032,Complex Analysis
public,1033,Algebra
public,1034,Real Analysis
public,1035,Complex Analysis
public,1036,Differential Calculus
public,1037,Probability
public,1038,Probability
public,1039,Arithmetic
public,1040,Probability
public,1041,Trigonometry
public,1042,Arithmetic
public,1043,Trigonometry
public,1044,Probability
public,1045,Discrete Mathematics
public,1046,Arithmetic
public,1047,Geometry
public,1048,Algebra
public,1049,Statistics — Inference
public,1050,Algebra
public,1051,Algebra
public,1052,Trigonometry
public,1053,Number Theory
public,1054,Algebra
public,1055,Statistics — Descriptive
public,1056,Algebra
public,1057,Integral Calculus
public,1058,Arithmetic
public,1059,Algebra
public,1060,Geometry
public,1061,Trigonometry
public,1062,Geometry
public,1063,Statistics — Inference
public,1064,Algebra
public,1065,Algebra
public,1066,Algebra
public,1067,Arithmetic
public,1068,Probability
public,1069,Algebra
public,1070,Algebra
public,1071,Geometry
public,1072,Trigonometry
public,1073,Algebra
public,1074,Algebra
public,1075,Series & Convergence
public,1076,Algebra
public,1077,Algebra
public,1078,Algebra
public,1079,Statistics — Inference
public,1080,Algebra
public,1081,Algebra
public,1082,Algebra
public,1083,Algebra
public,1084,Algebra
public,1085,Trigonometry
public,1086,Geometry
public,1087,Number Theory
public,1088,Statistics — Inference
public,1089,Algebra
public,1090,Trigonometry
public,1091,Algebra
public,1092,Algebra
public,1093,Arithmetic
public,1094,Integral Calculus
public,1095,Series & Convergence
public,1096,Algebra
public,1097,Trigonometry
public,1098,Arithmetic
public,1099,Algebra
public,1100,Algebra
public,1101,Sequences & Recurrences
public,1102,Linear Algebra
public,1103,Algebra
public,1104,Statistics — Descriptive
public,1105,Differential Calculus
public,1106,Applied Mathematics
public,1107,Sequences & Recurrences
public,1108,Algebra
public,1109,Algebra
public,1110,Discrete Mathematics
public,1111,Statistics — Inference
public,1112,Algebra
public,1113,Series & Convergence
public,1114,Algebra
public,1115,Arithmetic
public,1116,Algebra
public,1117,Statistics — Descriptive
public,1118,Algebra
public,1119,Algebra
public,1120,Number Theory
public,1121,Algebra
public,1122,Trigonometry
public,1123,Arithmetic
public,1124,Differential Calculus
public,1125,Statistics — Descriptive
private,0,Algebra
private,1,Linear Algebra
private,2,Statistics — Inference
private,3,Number Theory
private,4,Geometry
private,5,Trigonometry
private,6,Differential Calculus
private,7,Algebra
private,8,Statistics — Descriptive
private,9,Algebra
private,10,Trigonometry
private,11,Algebra
private,12,Statistics — Inference
private,13,Trigonometry
private,14,Algebra
private,15,Algebra
private,16,Algebra
private,17,Statistics — Descriptive
private,18,Arithmetic
private,19,Algebra
private,20,Applied Mathematics
private,21,Trigonometry
private,22,Algebra
private,23,Algebra
private,24,Algebra
private,25,Algebra
private,26,Number Theory
private,27,Algebra
private,28,Arithmetic
private,29,Sequences & Recurrences
private,30,Algebra
private,31,Algebra
private,32,Geometry
private,33,Differential Calculus
private,34,Algebra
private,35,Arithmetic
private,36,Arithmetic
private,37,Algebra
private,38,Statistics — Descriptive
private,39,Arithmetic
private,40,Integral Calculus
private,41,Trigonometry
private,42,Statistics — Descriptive
private,43,Trigonometry
private,44,Statistics — Inference
private,45,Algebra
private,46,Probability
private,47,Algebra
private,48,Arithmetic
private,49,Algebra
private,50,Integral Calculus
private,51,Discrete Mathematics
private,52,Trigonometry
private,53,Arithmetic
private,54,Arithmetic
private,55,Series & Convergence
private,56,Statistics — Inference
private,57,Algebra
private,58,Integral Calculus
private,59,Statistics — Descriptive
private,60,Probability
private,61,Series & Convergence
private,62,Trigonometry
private,63,Arithmetic
private,64,Trigonometry
private,65,Trigonometry
private,66,Algebra
private,67,Probability
private,68,Arithmetic
private,69,Statistics — Inference
private,70,Arithmetic
private,71,Probability
private,72,Probability
private,73,Integral Calculus
private,74,Probability
private,75,Algebra
private,76,Algebra
private,77,Algebra
private,78,Algebra
private,79,Statistics — Descriptive
private,80,Algebra
private,81,Algebra
private,82,Algebra
private,83,Algebra
private,84,Combinatorics
private,85,Statistics — Inference
private,86,Integral Calculus
private,87,Arithmetic
private,88,Algebra
private,89,Trigonometry
private,90,Algebra
private,91,Integral Calculus
private,92,Arithmetic
private,93,Algebra
private,94,Trigonometry
private,95,Trigonometry
private,96,Number Theory
private,97,Arithmetic
private,98,Algebra
private,99,Discrete Mathematics
private,100,Probability
private,101,Arithmetic
private,102,Trigonometry
private,103,Linear Algebra
private,104,Trigonometry
private,105,Algebra
private,106,Number Theory
private,107,Differential Calculus
private,108,Algebra
private,109,Probability
private,110,Algebra
private,111,Arithmetic
private,112,Algebra
private,113,Integral Calculus
private,114,Number Theory
private,115,Arithmetic
private,116,Algebra
private,117,Geometry
private,118,Arithmetic
private,119,Algebra
private,120,Algebra
private,121,Algebra
private,122,Algebra
private,123,Algebra
private,124,Trigonometry
private,125,Arithmetic
private,126,Sequences & Recurrences
private,127,Algebra
private,128,Probability
private,129,Algebra
private,130,Algebra
private,131,Algebra
private,132,Linear Algebra
private,133,Arithmetic
private,134,Algebra
private,135,Geometry
private,136,Statistics — Descriptive
private,137,Probability
private,138,Discrete Mathematics
private,139,Linear Algebra
private,140,Algebra
private,141,Algebra
private,142,Algebra
private,143,Trigonometry
private,144,Algebra
private,145,Probability
private,146,Algebra
private,147,Algebra
private,148,Algebra
private,149,Algebra
private,150,Arithmetic
private,151,Integral Calculus
private,152,Differential Calculus
private,153,Algebra
private,154,Algebra
private,155,Algebra
private,156,Arithmetic
private,157,Statistics — Inference
private,158,Algebra
private,159,Trigonometry
private,160,Geometry
private,161,Algebra
private,162,Arithmetic
private,163,Statistics — Descriptive
private,164,Algebra
private,165,Algebra
private,166,Statistics — Inference
private,167,Trigonometry
private,168,Trigonometry
private,169,Algebra
private,170,Geometry
private,171,Differential Equations
private,172,Arithmetic
private,173,Arithmetic
private,174,Algebra
private,175,Linear Algebra
private,176,Statistics — Inference
private,177,Algebra
private,178,Algebra
private,179,Algebra
private,180,Differential Calculus
private,181,Algebra
private,182,Algebra
private,183,Statistics — Inference
private,184,Linear Algebra
private,185,Algebra
private,186,Linear Algebra
private,187,Statistics — Descriptive
private,188,Algebra
private,189,Algebra
private,190,Geometry
private,191,Algebra
private,192,Trigonometry
private,193,Linear Algebra
private,194,Series & Convergence
private,195,Geometry
private,196,Trigonometry
private,197,Algebra
private,198,Discrete Mathematics
private,199,Sequences & Recurrences
private,200,Arithmetic
private,201,Statistics — Inference
private,202,Algebra
private,203,Probability
private,204,Trigonometry
private,205,Trigonometry
private,206,Statistics — Inference
private,207,Trigonometry
private,208,Algebra
private,209,Algebra
private,210,Algebra
private,211,Number Theory
private,212,Algebra
private,213,Arithmetic
private,214,Algebra
private,215,Algebra
private,216,Statistics — Inference
private,217,Algebra
private,218,Trigonometry
private,219,Probability
private,220,Algebra
private,221,Number Theory
private,222,Statistics — Inference
private,223,Algebra
private,224,Arithmetic
private,225,Discrete Mathematics
private,226,Combinatorics
private,227,Trigonometry
private,228,Algebra
private,229,Geometry
private,230,Integral Calculus
private,231,Algebra
private,232,Algebra
private,233,Trigonometry
private,234,Arithmetic
private,235,Statistics — Inference
private,236,Algebra
private,237,Geometry
private,238,Geometry
private,239,Applied Mathematics
private,240,Differential Calculus
private,241,Algebra
private,242,Algebra
private,243,Algebra
private,244,Discrete Mathematics
private,245,Statistics — Descriptive
private,246,Number Theory
private,247,Arithmetic
private,248,Arithmetic
private,249,Algebra
private,250,Statistics — Descriptive
private,251,Discrete Mathematics
private,252,Arithmetic
private,253,Algebra
private,254,Algebra
private,255,Algebra
private,256,Statistics — Descriptive
private,257,Trigonometry
private,258,Algebra
private,259,Geometry
private,260,Statistics — Inference
private,261,Algebra
private,262,Arithmetic
private,263,Algebra
private,264,Probability
private,265,Integral Calculus
private,266,Algebra
private,267,Discrete Mathematics
private,268,Geometry
private,269,Arithmetic
private,270,Algebra
private,271,Probability
private,272,Algebra
private,273,Algebra
private,274,Series & Convergence
private,275,Discrete Mathematics
private,276,Geometry
private,277,Statistics — Descriptive
private,278,Discrete Mathematics
private,279,Linear Algebra
private,280,Trigonometry
private,281,Algebra
private,282,Algebra
private,283,Geometry
private,284,Linear Algebra
private,285,Algebra
private,286,Algebra
private,287,Trigonometry
private,288,Linear Algebra
private,289,Algebra
private,290,Applied Mathematics
private,291,Algebra
private,292,Arithmetic
private,293,Algebra
private,294,Trigonometry
private,295,Sequences & Recurrences
private,296,Algebra
private,297,Algebra
private,298,Algebra
private,299,Trigonometry
private,300,Trigonometry
private,301,Statistics — Descriptive
private,302,Algebra
private,303,Arithmetic
private,304,Arithmetic
private,305,Algebra
private,306,Arithmetic
private,307,Geometry
private,308,Trigonometry
private,309,Arithmetic
private,310,Discrete Mathematics
private,311,Trigonometry
private,312,Combinatorics
private,313,Differential Calculus
private,314,Algebra
private,315,Arithmetic
private,316,Geometry
private,317,Algebra
private,318,Integral Calculus
private,319,Statistics — Inference
private,320,Algebra
private,321,Algebra
private,322,Geometry
private,323,Trigonometry
private,324,Trigonometry
private,325,Integral Calculus
private,326,Series & Convergence
private,327,Trigonometry
private,328,Algebra
private,329,Statistics — Inference
private,330,Statistics — Inference
private,331,Algebra
private,332,Trigonometry
private,333,Statistics — Descriptive
private,334,Algebra
private,335,Algebra
private,336,Geometry
private,337,Trigonometry
private,338,Arithmetic
private,339,Arithmetic
private,340,Discrete Mathematics
private,341,Sequences & Recurrences
private,342,Algebra
private,343,Statistics — Descriptive
private,344,Trigonometry
private,345,Sequences & Recurrences
private,346,Series & Convergence
private,347,Statistics — Inference
private,348,Algebra
private,349,Arithmetic
private,350,Geometry
private,351,Complex Analysis
private,352,Arithmetic
private,353,Trigonometry
private,354,Algebra
private,355,Algebra
private,356,Number Theory
private,357,Number Theory
private,358,Algebra
private,359,Algebra
private,360,Trigonometry
private,361,Arithmetic
private,362,Statistics — Inference
private,363,Probability
private,364,Integral Calculus
private,365,Trigonometry
private,366,Statistics — Inference
private,367,Number Theory
private,368,Geometry
private,369,Algebra
private,370,Statistics — Inference
private,371,Geometry
private,372,Trigonometry
private,373,Differential Calculus
private,374,Algebra
private,375,Trigonometry
private,376,Algebra
private,377,Arithmetic
private,378,Arithmetic
private,379,Geometry
private,380,Algebra
private,381,Arithmetic
private,382,Algebra
private,383,Integral Calculus
private,384,Algebra
private,385,Arithmetic
private,386,Statistics — Inference
private,387,Algebra
private,388,Series & Convergence
private,389,Algebra
private,390,Algebra
private,391,Integral Calculus
private,392,Arithmetic
private,393,Algebra
private,394,Statistics — Descriptive
private,395,Algebra
private,396,Algebra
private,397,Statistics — Inference
private,398,Number Theory
private,399,Sequences & Recurrences
private,400,Algebra
private,401,Combinatorics
private,402,Algebra
private,403,Algebra
private,404,Statistics — Inference
private,405,Probability
private,406,Algebra
private,407,Arithmetic
private,408,Statistics — Descriptive
private,409,Integral Calculus
private,410,Statistics — Inference
private,411,Integral Calculus
private,412,Geometry
private,413,Probability
private,414,Statistics — Inference
private,415,Arithmetic
private,416,Algebra
private,417,Series & Convergence
private,418,Number Theory
private,419,Algebra
private,420,Discrete Mathematics
private,421,Algebra
private,422,Integral Calculus
private,423,Algebra
private,424,Algebra
private,425,Discrete Mathematics
private,426,Statistics — Descriptive
private,427,Algebra
private,428,Series & Convergence
private,429,Trigonometry
private,430,Probability
private,431,Algebra
private,432,Combinatorics
private,433,Algebra
private,434,Geometry
private,435,Statistics — Inference
private,436,Algebra
private,437,Statistics — Inference
private,438,Algebra
private,439,Statistics — Inference
private,440,Geometry
private,441,Trigonometry
private,442,Arithmetic
private,443,Arithmetic
private,444,Trigonometry
private,445,Algebra
private,446,Algebra
private,447,Integral Calculus
private,448,Algebra
private,449,Linear Algebra
private,450,Probability
private,451,Arithmetic
private,452,Integral Calculus
private,453,Arithmetic
private,454,Geometry
private,455,Geometry
private,456,Series & Convergence
private,457,Linear Algebra
private,458,Statistics — Inference
private,459,Algebra
private,460,Trigonometry
private,461,Trigonometry
private,462,Differential Equations
private,463,Geometry
private,464,Algebra
private,465,Algebra
private,466,Algebra
private,467,Statistics — Descriptive
private,468,Statistics — Descriptive
private,469,Algebra
private,470,Statistics — Inference
private,471,Algebra
private,472,Algebra
private,473,Algebra
private,474,Algebra
private,475,Arithmetic
private,476,Differential Calculus
private,477,Arithmetic
private,478,Statistics — Inference
private,479,Arithmetic
private,480,Trigonometry
private,481,Number Theory
private,482,Trigonometry
private,483,Algebra
private,484,Series & Convergence
private,485,Algebra
private,486,Discrete Mathematics
private,487,Algebra
private,488,Algebra
private,489,Arithmetic
private,490,Algebra
private,491,Algebra
private,492,Algebra
private,493,Differential Calculus
private,494,Algebra
private,495,Arithmetic
private,496,Algebra
private,497,Statistics — Inference
private,498,Algebra
private,499,Probability
private,500,Trigonometry
private,501,Trigonometry
private,502,Geometry
private,503,Algebra
private,504,Series & Convergence
private,505,Discrete Mathematics
private,506,Trigonometry
private,507,Integral Calculus
private,508,Algebra
private,509,Algebra
private,510,Algebra
private,511,Algebra
private,512,Algebra
private,513,Probability
private,514,Statistics — Descriptive
private,515,Algebra
private,516,Statistics — Descriptive
private,517,Integral Calculus
private,518,Series & Convergence
private,519,Differential Calculus
private,520,Algebra
private,521,Differential Calculus
private,522,Algebra
private,523,Algebra
private,524,Sequences & Recurrences
private,525,Trigonometry
private,526,Algebra
private,527,Statistics — Descriptive
private,528,Series & Convergence
private,529,Statistics — Inference
private,530,Geometry
private,531,Algebra
private,532,Algebra
private,533,Arithmetic
private,534,Statistics — Descriptive
private,535,Sequences & Recurrences
private,536,Sequences & Recurrences
private,537,Arithmetic
private,538,Linear Algebra
private,539,Algebra
private,540,Algebra
private,541,Statistics — Descriptive
private,542,Algebra
private,543,Statistics — Inference
private,544,Discrete Mathematics
private,545,Number Theory
private,546,Algebra
private,547,Discrete Mathematics
private,548,Discrete Mathematics
private,549,Algebra
private,550,Probability
private,551,Statistics — Inference
private,552,Geometry
private,553,Integral Calculus
private,554,Series & Convergence
private,555,Algebra
private,556,Integral Calculus
private,557,Integral Calculus
private,558,Statistics — Inference
private,559,Algebra
private,560,Algebra
private,561,Series & Convergence
private,562,Integral Calculus
private,563,Trigonometry
private,564,Arithmetic
private,565,Algebra
private,566,Statistics — Descriptive
private,567,Statistics — Descriptive
private,568,Algebra
private,569,Algebra
private,570,Probability
private,571,Probability
private,572,Arithmetic
private,573,Statistics — Descriptive
private,574,Statistics — Descriptive
private,575,Arithmetic
private,576,Algebra
private,577,Algebra
private,578,Geometry
private,579,Trigonometry
private,580,Algebra
private,581,Number Theory
private,582,Statistics — Descriptive
private,583,Integral Calculus
private,584,Algebra
private,585,Algebra
private,586,Discrete Mathematics
private,587,Combinatorics
private,588,Discrete Mathematics
private,589,Statistics — Inference
private,590,Statistics — Inference
private,591,Series & Convergence
private,592,Statistics — Inference
private,593,Arithmetic
private,594,Number Theory
private,595,Number Theory
private,596,Geometry
private,597,Arithmetic
private,598,Sequences & Recurrences
private,599,Algebra
private,600,Trigonometry
private,601,Algebra
private,602,Arithmetic
private,603,Series & Convergence
private,604,Algebra
private,605,Sequences & Recurrences
private,606,Trigonometry
private,607,Statistics — Inference
private,608,Statistics — Inference
private,609,Algebra
private,610,Algebra
private,611,Trigonometry
private,612,Algebra
private,613,Integral Calculus
private,614,Algebra
private,615,Trigonometry
private,616,Algebra
private,617,Algebra
private,618,Algebra
private,619,Number Theory
private,620,Trigonometry
private,621,Trigonometry
private,622,Algebra
private,623,Algebra
private,624,Algebra
private,625,Algebra
private,626,Statistics — Descriptive
private,627,Algebra
private,628,Algebra
private,629,Combinatorics
private,630,Arithmetic
private,631,Algebra
private,632,Arithmetic
private,633,Arithmetic
private,634,Differential Equations
private,635,Geometry
private,636,Algebra
private,637,Algebra
private,638,Algebra
private,639,Combinatorics
private,640,Arithmetic
private,641,Number Theory
private,642,Algebra
private,643,Statistics — Descriptive
private,644,Algebra
private,645,Geometry
private,646,Differential Calculus
private,647,Algebra
private,648,Integral Calculus
private,649,Arithmetic
private,650,Statistics — Inference
private,651,Algebra
private,652,Algebra
private,653,Differential Calculus
private,654,Algebra
private,655,Arithmetic
private,656,Statistics — Inference
private,657,Trigonometry
private,658,Trigonometry
private,659,Applied Mathematics
private,660,Trigonometry
private,661,Algebra
private,662,Algebra
private,663,Algebra
private,664,Algebra
private,665,Series & Convergence
private,666,Geometry
private,667,Arithmetic
private,668,Algebra
private,669,Statistics — Inference
private,670,Arithmetic
private,671,Arithmetic
private,672,Arithmetic
private,673,Algebra
private,674,Trigonometry
private,675,Integral Calculus
private,676,Algebra
private,677,Arithmetic
private,678,Algebra
private,679,Statistics — Inference
private,680,Statistics — Descriptive
private,681,Algebra
private,682,Statistics — Descriptive
private,683,Discrete Mathematics
private,684,Discrete Mathematics
private,685,Statistics — Inference
private,686,Series & Convergence
private,687,Trigonometry
private,688,Discrete Mathematics
private,689,Statistics — Inference
private,690,Algebra
private,691,Algebra
private,692,Algebra
private,693,Discrete Mathematics
private,694,Series & Convergence
private,695,Linear Algebra
private,696,Statistics — Descriptive
private,697,Arithmetic
private,698,Statistics — Descriptive
private,699,Algebra
private,700,Trigonometry
private,701,Statistics — Inference
private,702,Algebra
private,703,Trigonometry
private,704,Combinatorics
private,705,Statistics — Descriptive
private,706,Algebra
private,707,Arithmetic
private,708,Trigonometry
private,709,Arithmetic
private,710,Algebra
private,711,Statistics — Inference
private,712,Sequences & Recurrences
private,713,Arithmetic
private,714,Linear Algebra
private,715,Discrete Mathematics
private,716,Differential Calculus
private,717,Algebra
private,718,Algebra
private,719,Algebra
private,720,Algebra
private,721,Algebra
private,722,Probability
private,723,Number Theory
private,724,Algebra
private,725,Arithmetic
private,726,Algebra
private,727,Algebra
private,728,Differential Calculus
private,729,Arithmetic
private,730,Algebra
private,731,Geometry
private,732,Integral Calculus
private,733,Arithmetic
private,734,Geometry
private,735,Algebra
private,736,Statistics — Descriptive
private,737,Trigonometry
private,738,Algebra
private,739,Arithmetic
private,740,Probability
private,741,Trigonometry
private,742,Series & Convergence
private,743,Arithmetic
private,744,Series & Convergence
private,745,Trigonometry
private,746,Algebra
private,747,Statistics — Inference
private,748,Number Theory
private,749,Differential Calculus
private,750,Algebra
private,751,Algebra
private,752,Algebra
private,753,Trigonometry
private,754,Algebra
private,755,Statistics — Inference
private,756,Arithmetic
private,757,Algebra
private,758,Geometry
private,759,Algebra
private,760,Series & Convergence
private,761,Statistics — Descriptive
private,762,Abstract Algebra
private,763,Arithmetic
private,764,Algebra
private,765,Trigonometry
private,766,Trigonometry
private,767,Differential Calculus
private,768,Linear Algebra
private,769,Algebra
private,770,Trigonometry
private,771,Statistics — Descriptive
private,772,Statistics — Inference
private,773,Probability
private,774,Algebra
private,775,Algebra
private,776,Arithmetic
private,777,Trigonometry
private,778,Arithmetic
private,779,Algebra
private,780,Algebra
private,781,Number Theory
private,782,Integral Calculus
private,783,Algebra
private,784,Applied Mathematics
private,785,Integral Calculus
private,786,Statistics — Descriptive
private,787,Geometry
private,788,Geometry
private,789,Algebra
private,790,Arithmetic
private,791,Integral Calculus
private,792,Algebra
private,793,Algebra
private,794,Integral Calculus
private,795,Statistics — Inference
private,796,Trigonometry
private,797,Trigonometry
private,798,Statistics — Inference
private,799,Algebra
private,800,Discrete Mathematics
private,801,Arithmetic
private,802,Algebra
private,803,Probability
private,804,Trigonometry
private,805,Series & Convergence
private,806,Algebra
private,807,Algebra
private,808,Algebra
private,809,Geometry
private,810,Algebra
private,811,Applied Mathematics
private,812,Algebra
private,813,Statistics — Inference
private,814,Statistics — Inference
private,815,Geometry
private,816,Series & Convergence
private,817,Linear Algebra
private,818,Discrete Mathematics
private,819,Arithmetic
private,820,Arithmetic
private,821,Arithmetic
private,822,Integral Calculus
private,823,Probability
private,824,Number Theory
private,825,Series & Convergence
private,826,Probability
private,827,Algebra
private,828,Arithmetic
private,829,Discrete Mathematics
private,830,Geometry
private,831,Algebra
private,832,Real Analysis
private,833,Arithmetic
private,834,Trigonometry
private,835,Arithmetic
private,836,Algebra
private,837,Algebra
private,838,Algebra
private,839,Statistics — Descriptive
private,840,Statistics — Descriptive
private,841,Probability
private,842,Algebra
private,843,Algebra
private,844,Linear Algebra
private,845,Trigonometry
private,846,Algebra
private,847,Statistics — Descriptive
private,848,Algebra
private,849,Algebra
private,850,Algebra
private,851,Arithmetic
private,852,Trigonometry
private,853,Algebra
private,854,Integral Calculus
private,855,Algebra
private,856,Statistics — Descriptive
private,857,Algebra
private,858,Algebra
private,859,Algebra
private,860,Series & Convergence
private,861,Arithmetic
private,862,Algebra
private,863,Algebra
private,864,Algebra
private,865,Trigonometry
private,866,Statistics — Inference
private,867,Algebra
private,868,Geometry
private,869,Statistics — Inference
private,870,Linear Algebra
private,871,Algebra
private,872,Algebra
private,873,Algebra
private,874,Algebra
private,875,Algebra
private,876,Arithmetic
private,877,Algebra
private,878,Algebra
private,879,Statistics — Inference
private,880,Linear Algebra
private,881,Integral Calculus
private,882,Algebra
private,883,Algebra
private,884,Discrete Mathematics
private,885,Series & Convergence
private,886,Algebra
private,887,Series & Convergence
private,888,Algebra
private,889,Number Theory
private,890,Discrete Mathematics
private,891,Probability
private,892,Algebra
